fish_number,alx4a_line,phenotype,pigment_cell_type,dorsal_cell_counts,ventral_cell_counts,date_iridophore
1,4bp del,WT,iridophores,34,11,2019-09-18
2,4bp del,WT,iridophores,26,10,2019-09-18
3,4bp del,WT,iridophores,22,12,2019-09-18
4,4bp del,WT,iridophores,26,11,2019-09-18
5,4bp del,WT,iridophores,35,13,2019-09-18
6,4bp del,WT,iridophores,27,13,2019-09-18
7,4bp del,WT,iridophores,34,11,2019-09-18
8,4bp del,WT,iridophores,29,13,2019-09-18
9,4bp del,WT,iridophores,30,10,2019-09-18
10,4bp del,WT,iridophores,28,11,2019-09-18
11,4bp del,WT,iridophores,32,8,2019-09-18
12,4bp del,WT,iridophores,29,12,2019-09-18
13,4bp del,WT,iridophores,,,2019-09-18
14,4bp del,WT,iridophores,,,2019-09-18
15,4bp del,WT,iridophores,,,2019-09-18
16,4bp del,WT,iridophores,,,2019-09-18
1,8bp insert,WT,iridophores,19,12,2019-09-18
2,8bp insert,WT,iridophores,24,8,2019-09-18
3,8bp insert,WT,iridophores,16,6,2019-09-18
4,8bp insert,WT,iridophores,31,10,2019-09-18
5,8bp insert,WT,iridophores,28,7,2019-09-18
6,8bp insert,WT,iridophores,29,10,2019-09-18
7,8bp insert,WT,iridophores,23,10,2019-09-18
8,8bp insert,WT,iridophores,,,2019-09-18
9,8bp insert,WT,iridophores,,,2019-09-18
10,8bp insert,WT,iridophores,,,2019-09-18
11,8bp insert,WT,iridophores,,,2019-09-18
12,8bp insert,WT,iridophores,,,2019-09-18
13,8bp insert,WT,iridophores,,,2019-09-18
14,8bp insert,WT,iridophores,,,2019-09-18
15,8bp insert,WT,iridophores,,,2019-09-18
16,8bp insert,WT,iridophores,,,2019-09-18
1,4bp del,Mut,iridophores,0,0,2019-09-18
2,4bp del,Mut,iridophores,0,3,2019-09-18
3,4bp del,Mut,iridophores,0,0,2019-09-18
4,4bp del,Mut,iridophores,0,0,2019-09-18
5,4bp del,Mut,iridophores,,,2019-09-18
6,4bp del,Mut,iridophores,,,2019-09-18
7,4bp del,Mut,iridophores,,,2019-09-18
8,4bp del,Mut,iridophores,,,2019-09-18
9,4bp del,Mut,iridophores,,,2019-09-18
10,4bp del,Mut,iridophores,,,2019-09-18
11,4bp del,Mut,iridophores,,,2019-09-18
12,4bp del,Mut,iridophores,,,2019-09-18
13,4bp del,Mut,iridophores,,,2019-09-18
14,4bp del,Mut,iridophores,,,2019-09-18
15,4bp del,Mut,iridophores,,,2019-09-18
16,4bp del,Mut,iridophores,,,2019-09-18
1,8bp insert,Mut,iridophores,0,0,2019-09-18
2,8bp insert,Mut,iridophores,0,0,2019-09-18
3,8bp insert,Mut,iridophores,0,1,2019-09-18
4,8bp insert,Mut,iridophores,0,0,2019-09-18
5,8bp insert,Mut,iridophores,0,1,2019-09-18
6,8bp insert,Mut,iridophores,0,0,2019-09-18
7,8bp insert,Mut,iridophores,0,0,2019-09-18
8,8bp insert,Mut,iridophores,0,0,2019-09-18
9,8bp insert,Mut,iridophores,0,0,2019-09-18
10,8bp insert,Mut,iridophores,2,0,2019-09-18
11,8bp insert,Mut,iridophores,0,0,2019-09-18
12,8bp insert,Mut,iridophores,0,0,2019-09-18
13,8bp insert,Mut,iridophores,0,0,2019-09-18
14,8bp insert,Mut,iridophores,0,0,2019-09-18
15,8bp insert,Mut,iridophores,0,0,2019-09-18
16,8bp insert,Mut,iridophores,0,1,2019-09-18
1,4bp del,WT,iridophores,25,11,2019-10-22
2,4bp del,WT,iridophores,21,10,2019-10-22
3,4bp del,WT,iridophores,18,9,2019-10-22
4,4bp del,WT,iridophores,28,15,2019-10-22
5,4bp del,WT,iridophores,12,10,2019-10-22
6,4bp del,WT,iridophores,31,16,2019-10-22
7,4bp del,WT,iridophores,27,15,2019-10-22
8,4bp del,WT,iridophores,32,14,2019-10-22
9,4bp del,WT,iridophores,38,12,2019-10-22
10,4bp del,WT,iridophores,19,10,2019-10-22
11,4bp del,WT,iridophores,28,9,2019-10-22
12,4bp del,WT,iridophores,24,17,2019-10-22
1,8bp insert,WT,iridophores,,,2019-10-22
2,8bp insert,WT,iridophores,,,2019-10-22
3,8bp insert,WT,iridophores,,,2019-10-22
4,8bp insert,WT,iridophores,,,2019-10-22
5,8bp insert,WT,iridophores,,,2019-10-22
6,8bp insert,WT,iridophores,,,2019-10-22
7,8bp insert,WT,iridophores,,,2019-10-22
8,8bp insert,WT,iridophores,,,2019-10-22
9,8bp insert,WT,iridophores,,,2019-10-22
10,8bp insert,WT,iridophores,,,2019-10-22
11,8bp insert,WT,iridophores,,,2019-10-22
12,8bp insert,WT,iridophores,,,2019-10-22
1,4bp del,Mut,iridophores,0,0,2019-10-22
2,4bp del,Mut,iridophores,0,0,2019-10-22
3,4bp del,Mut,iridophores,0,0,2019-10-22
4,4bp del,Mut,iridophores,0,0,2019-10-22
5,4bp del,Mut,iridophores,0,0,2019-10-22
6,4bp del,Mut,iridophores,0,0,2019-10-22
7,4bp del,Mut,iridophores,0,0,2019-10-22
8,4bp del,Mut,iridophores,0,0,2019-10-22
9,4bp del,Mut,iridophores,0,0,2019-10-22
10,4bp del,Mut,iridophores,0,0,2019-10-22
11,4bp del,Mut,iridophores,0,0,2019-10-22
12,4bp del,Mut,iridophores,,,2019-10-22
1,8bp insert,Mut,iridophores,,,2019-10-22
2,8bp insert,Mut,iridophores,,,2019-10-22
3,8bp insert,Mut,iridophores,,,2019-10-22
4,8bp insert,Mut,iridophores,,,2019-10-22
5,8bp insert,Mut,iridophores,,,2019-10-22
6,8bp insert,Mut,iridophores,,,2019-10-22
7,8bp insert,Mut,iridophores,,,2019-10-22
8,8bp insert,Mut,iridophores,,,2019-10-22
9,8bp insert,Mut,iridophores,,,2019-10-22
10,8bp insert,Mut,iridophores,,,2019-10-22
11,8bp insert,Mut,iridophores,,,2019-10-22
12,8bp insert,Mut,iridophores,,,2019-10-22
1,4bp del,WT,iridophores,,,2019-11-04
2,4bp del,WT,iridophores,,,2019-11-04
3,4bp del,WT,iridophores,,,2019-11-04
4,4bp del,WT,iridophores,,,2019-11-04
5,4bp del,WT,iridophores,,,2019-11-04
6,4bp del,WT,iridophores,,,2019-11-04
7,4bp del,WT,iridophores,,,2019-11-04
8,4bp del,WT,iridophores,,,2019-11-04
9,4bp del,WT,iridophores,,,2019-11-04
10,4bp del,WT,iridophores,,,2019-11-04
11,4bp del,WT,iridophores,,,2019-11-04
12,4bp del,WT,iridophores,,,2019-11-04
1,8bp insert,WT,iridophores,25,9,2019-11-04
2,8bp insert,WT,iridophores,,,2019-11-04
3,8bp insert,WT,iridophores,,,2019-11-04
4,8bp insert,WT,iridophores,,,2019-11-04
5,8bp insert,WT,iridophores,,,2019-11-04
6,8bp insert,WT,iridophores,,,2019-11-04
7,8bp insert,WT,iridophores,,,2019-11-04
8,8bp insert,WT,iridophores,,,2019-11-04
9,8bp insert,WT,iridophores,,,2019-11-04
10,8bp insert,WT,iridophores,,,2019-11-04
11,8bp insert,WT,iridophores,,,2019-11-04
12,8bp insert,WT,iridophores,,,2019-11-04
1,4bp del,Mut,iridophores,,,2019-11-04
2,4bp del,Mut,iridophores,,,2019-11-04
3,4bp del,Mut,iridophores,,,2019-11-04
4,4bp del,Mut,iridophores,,,2019-11-04
5,4bp del,Mut,iridophores,,,2019-11-04
6,4bp del,Mut,iridophores,,,2019-11-04
7,4bp del,Mut,iridophores,,,2019-11-04
8,4bp del,Mut,iridophores,,,2019-11-04
9,4bp del,Mut,iridophores,,,2019-11-04
10,4bp del,Mut,iridophores,,,2019-11-04
11,4bp del,Mut,iridophores,,,2019-11-04
12,4bp del,Mut,iridophores,,,2019-11-04
1,8bp insert,Mut,iridophores,,,2019-11-04
2,8bp insert,Mut,iridophores,0,0,2019-11-04
3,8bp insert,Mut,iridophores,,,2019-11-04
4,8bp insert,Mut,iridophores,,,2019-11-04
5,8bp insert,Mut,iridophores,,,2019-11-04
6,8bp insert,Mut,iridophores,,,2019-11-04
7,8bp insert,Mut,iridophores,,,2019-11-04
8,8bp insert,Mut,iridophores,,,2019-11-04
9,8bp insert,Mut,iridophores,,,2019-11-04
10,8bp insert,Mut,iridophores,,,2019-11-04
11,8bp insert,Mut,iridophores,,,2019-11-04
12,8bp insert,Mut,iridophores,,,2019-11-04
